,epoch (ms),Timestamp_Accel,elapsed (s),x-axis (g),y-axis (g),z-axis (g),score,Restlessness_Description,score_accelerometer
80,1697074212226,2023-10-12T02:30:12.226,3.2,0.375,-0.227,0.905,5,Moderate to High Restlessness,5
81,1697074212266,2023-10-12T02:30:12.266,3.24,0.374,-0.227,0.907,5,Moderate to High Restlessness,5
82,1697074212306,2023-10-12T02:30:12.306,3.28,0.38,-0.218,0.908,5,Moderate to High Restlessness,5
83,1697074212346,2023-10-12T02:30:12.346,3.32,0.372,-0.221,0.914,5,Moderate to High Restlessness,5
84,1697074212386,2023-10-12T02:30:12.386,3.36,0.378,-0.227,0.912,5,Moderate to High Restlessness,5
85,1697074212426,2023-10-12T02:30:12.426,3.4,0.378,-0.228,0.91,5,Moderate to High Restlessness,5
86,1697074212466,2023-10-12T02:30:12.466,3.44,0.367,-0.232,0.92,5,Moderate to High Restlessness,5
87,1697074212506,2023-10-12T02:30:12.506,3.48,0.367,-0.223,0.916,5,Moderate to High Restlessness,5
88,1697074212546,2023-10-12T02:30:12.546,3.52,0.373,-0.212,0.902,5,Moderate to High Restlessness,5
89,1697074212586,2023-10-12T02:30:12.586,3.56,0.406,-0.2,0.896,5,Moderate to High Restlessness,5
90,1697074212626,2023-10-12T02:30:12.626,3.6,0.418,-0.187,0.897,5,Moderate to High Restlessness,5
91,1697074212666,2023-10-12T02:30:12.666,3.64,0.386,-0.197,0.906,5,Moderate to High Restlessness,5
92,1697074212706,2023-10-12T02:30:12.706,3.68,0.373,-0.219,0.915,5,Moderate to High Restlessness,5
93,1697074212746,2023-10-12T02:30:12.746,3.72,0.39,-0.225,0.905,5,Moderate to High Restlessness,5
94,1697074212786,2023-10-12T02:30:12.786,3.76,0.374,-0.221,0.901,5,Moderate to High Restlessness,5
95,1697074212826,2023-10-12T02:30:12.826,3.8,0.354,-0.224,0.913,5,Moderate to High Restlessness,5
96,1697074212866,2023-10-12T02:30:12.866,3.84,0.375,-0.22,0.912,5,Moderate to High Restlessness,5
97,1697074212906,2023-10-12T02:30:12.906,3.88,0.398,-0.201,0.904,5,Moderate to High Restlessness,5
98,1697074212946,2023-10-12T02:30:12.946,3.92,0.39,-0.215,0.909,5,Moderate to High Restlessness,5
99,1697074212986,2023-10-12T02:30:12.986,3.96,0.369,-0.219,0.912,5,Moderate to High Restlessness,5
100,1697074213026,2023-10-12T02:30:13.026,4.0,0.389,-0.204,0.903,5,Moderate to High Restlessness,5
101,1697074213066,2023-10-12T02:30:13.066,4.04,0.389,-0.211,0.904,5,Moderate to High Restlessness,5
102,1697074213106,2023-10-12T02:30:13.106,4.08,0.372,-0.219,0.916,5,Moderate to High Restlessness,5
103,1697074213146,2023-10-12T02:30:13.146,4.12,0.381,-0.215,0.912,5,Moderate to High Restlessness,5
104,1697074213186,2023-10-12T02:30:13.186,4.16,0.385,-0.216,0.907,5,Moderate to High Restlessness,5
105,1697074213226,2023-10-12T02:30:13.226,4.2,0.374,-0.218,0.905,5,Moderate to High Restlessness,5
106,1697074213266,2023-10-12T02:30:13.266,4.24,0.379,-0.216,0.907,5,Moderate to High Restlessness,5
107,1697074213306,2023-10-12T02:30:13.306,4.28,0.39,-0.213,0.91,5,Moderate to High Restlessness,5
108,1697074213346,2023-10-12T02:30:13.346,4.32,0.39,-0.214,0.909,5,Moderate to High Restlessness,5
109,1697074213386,2023-10-12T02:30:13.386,4.36,0.385,-0.216,0.906,5,Moderate to High Restlessness,5
110,1697074213426,2023-10-12T02:30:13.426,4.4,0.379,-0.214,0.905,5,Moderate to High Restlessness,5
111,1697074213466,2023-10-12T02:30:13.466,4.44,0.382,-0.214,0.908,5,Moderate to High Restlessness,5
112,1697074213506,2023-10-12T02:30:13.506,4.48,0.385,-0.213,0.909,5,Moderate to High Restlessness,5
113,1697074213546,2023-10-12T02:30:13.546,4.52,0.385,-0.207,0.909,5,Moderate to High Restlessness,5
114,1697074213586,2023-10-12T02:30:13.586,4.56,0.392,-0.206,0.91,5,Moderate to High Restlessness,5
115,1697074213626,2023-10-12T02:30:13.626,4.6,0.389,-0.215,0.91,5,Moderate to High Restlessness,5
116,1697074213666,2023-10-12T02:30:13.666,4.64,0.376,-0.211,0.908,5,Moderate to High Restlessness,5
117,1697074213706,2023-10-12T02:30:13.706,4.68,0.384,-0.211,0.908,5,Moderate to High Restlessness,5
118,1697074213746,2023-10-12T02:30:13.746,4.72,0.383,-0.212,0.909,5,Moderate to High Restlessness,5
119,1697074213786,2023-10-12T02:30:13.786,4.76,0.386,-0.209,0.906,5,Moderate to High Restlessness,5
120,1697074213826,2023-10-12T02:30:13.826,4.8,0.389,-0.212,0.908,5,Moderate to High Restlessness,5
121,1697074213866,2023-10-12T02:30:13.866,4.84,0.38,-0.211,0.91,5,Moderate to High Restlessness,5
122,1697074213906,2023-10-12T02:30:13.906,4.88,0.387,-0.208,0.908,5,Moderate to High Restlessness,5
123,1697074213946,2023-10-12T02:30:13.946,4.92,0.387,-0.207,0.906,5,Moderate to High Restlessness,5
124,1697074213986,2023-10-12T02:30:13.986,4.96,0.382,-0.211,0.906,5,Moderate to High Restlessness,5
125,1697074214026,2023-10-12T02:30:14.026,5.0,0.379,-0.213,0.906,5,Moderate to High Restlessness,5
126,1697074214066,2023-10-12T02:30:14.066,5.04,0.379,-0.215,0.912,5,Moderate to High Restlessness,5
127,1697074214106,2023-10-12T02:30:14.106,5.08,0.378,-0.214,0.912,5,Moderate to High Restlessness,5
128,1697074214146,2023-10-12T02:30:14.146,5.12,0.374,-0.212,0.911,5,Moderate to High Restlessness,5
129,1697074214186,2023-10-12T02:30:14.186,5.16,0.377,-0.218,0.913,5,Moderate to High Restlessness,5
130,1697074214226,2023-10-12T02:30:14.226,5.2,0.367,-0.231,0.918,5,Moderate to High Restlessness,5
131,1697074214266,2023-10-12T02:30:14.266,5.24,0.366,-0.222,0.915,5,Moderate to High Restlessness,5
132,1697074214306,2023-10-12T02:30:14.306,5.28,0.377,-0.19,0.9,5,Moderate to High Restlessness,5
133,1697074214346,2023-10-12T02:30:14.346,5.32,0.396,-0.195,0.898,5,Moderate to High Restlessness,5
134,1697074214386,2023-10-12T02:30:14.386,5.36,0.389,-0.215,0.913,5,Moderate to High Restlessness,5
135,1697074214426,2023-10-12T02:30:14.426,5.4,0.364,-0.207,0.904,5,Moderate to High Restlessness,5
136,1697074214466,2023-10-12T02:30:14.466,5.44,0.372,-0.2,0.902,5,Moderate to High Restlessness,5
137,1697074214506,2023-10-12T02:30:14.506,5.48,0.407,-0.197,0.911,5,Moderate to High Restlessness,5
138,1697074214546,2023-10-12T02:30:14.546,5.52,0.395,-0.2,0.92,5,Moderate to High Restlessness,5
139,1697074214586,2023-10-12T02:30:14.586,5.56,0.355,-0.197,0.916,5,Moderate to High Restlessness,5
140,1697074214626,2023-10-12T02:30:14.626,5.6,0.366,-0.211,0.911,5,Moderate to High Restlessness,5
141,1697074214666,2023-10-12T02:30:14.666,5.64,0.375,-0.207,0.91,5,Moderate to High Restlessness,5
142,1697074214706,2023-10-12T02:30:14.706,5.68,0.398,-0.194,0.922,5,Moderate to High Restlessness,5
143,1697074214746,2023-10-12T02:30:14.746,5.72,0.402,-0.174,0.922,5,Moderate to High Restlessness,5
144,1697074214786,2023-10-12T02:30:14.786,5.76,0.374,-0.186,0.918,5,Moderate to High Restlessness,5
145,1697074214826,2023-10-12T02:30:14.826,5.8,0.377,-0.183,0.915,5,Moderate to High Restlessness,5
146,1697074214866,2023-10-12T02:30:14.866,5.84,0.403,-0.171,0.941,5,Moderate to High Restlessness,5
147,1697074214906,2023-10-12T02:30:14.906,5.88,0.413,-0.179,0.977,6,High Restlessness,6
148,1697074214946,2023-10-12T02:30:14.946,5.92,0.421,-0.196,0.972,6,High Restlessness,6
149,1697074214986,2023-10-12T02:30:14.986,5.96,0.393,-0.25,0.898,5,Moderate to High Restlessness,5
150,1697074215026,2023-10-12T02:30:15.026,6.0,0.329,-0.303,0.846,5,Moderate to High Restlessness,5
151,1697074215066,2023-10-12T02:30:15.066,6.04,0.376,-0.306,0.818,5,Moderate to High Restlessness,5
152,1697074215106,2023-10-12T02:30:15.106,6.08,0.412,-0.28,0.812,5,Moderate to High Restlessness,5
153,1697074215146,2023-10-12T02:30:15.146,6.12,0.428,-0.263,0.879,5,Moderate to High Restlessness,5
154,1697074215186,2023-10-12T02:30:15.186,6.16,0.442,-0.266,0.898,5,Moderate to High Restlessness,5
155,1697074215226,2023-10-12T02:30:15.226,6.2,0.469,-0.258,0.895,6,High Restlessness,6
156,1697074215266,2023-10-12T02:30:15.266,6.24,0.488,-0.251,0.938,6,High Restlessness,6
157,1697074215306,2023-10-12T02:30:15.306,6.28,0.413,-0.279,0.953,6,High Restlessness,6
158,1697074215346,2023-10-12T02:30:15.346,6.32,0.388,-0.288,0.996,6,High Restlessness,6
159,1697074215386,2023-10-12T02:30:15.386,6.36,0.513,-0.171,1.107,7,Very High Restlessness,7
160,1697074215426,2023-10-12T02:30:15.426,6.4,0.444,-0.244,1.133,7,Very High Restlessness,7
161,1697074215466,2023-10-12T02:30:15.466,6.44,0.034,-0.304,1.147,6,High Restlessness,6
162,1697074215506,2023-10-12T02:30:15.506,6.48,-0.206,-0.374,1.02,6,High Restlessness,6
163,1697074215546,2023-10-12T02:30:15.546,6.52,0.004,-0.593,0.857,6,High Restlessness,6
164,1697074215586,2023-10-12T02:30:15.586,6.56,0.247,-0.698,0.645,5,Moderate to High Restlessness,5
165,1697074215626,2023-10-12T02:30:15.626,6.6,0.067,-0.891,0.482,5,Moderate to High Restlessness,5
166,1697074215666,2023-10-12T02:30:15.666,6.64,0.034,-0.94,0.196,5,Moderate to High Restlessness,5
167,1697074215706,2023-10-12T02:30:15.706,6.68,1.108,-0.566,-0.424,7,Very High Restlessness,7
168,1697074215746,2023-10-12T02:30:15.746,6.72,1.401,-0.439,-0.392,8,Extremely High Restlessness,8
169,1697074215786,2023-10-12T02:30:15.786,6.76,0.962,-0.18,-0.657,6,High Restlessness,6
170,1697074215826,2023-10-12T02:30:15.826,6.8,1.183,-0.153,-1.579,11,Invalid Score,11
171,1697074215866,2023-10-12T02:30:15.866,6.84,1.059,-0.133,-1.256,9,Severe Restlessness,9
172,1697074215906,2023-10-12T02:30:15.906,6.88,0.584,0.139,-0.726,5,Moderate to High Restlessness,5
173,1697074215946,2023-10-12T02:30:15.946,6.92,0.286,0.211,-0.55,3,Mild Restlessness,3
174,1697074215986,2023-10-12T02:30:15.986,6.96,0.144,0.447,-0.24,3,Mild Restlessness,3
175,1697074216026,2023-10-12T02:30:16.026,7.0,-0.0,0.715,0.18,4,Moderate Restlessness,4
176,1697074216066,2023-10-12T02:30:16.066,7.04,-0.078,0.859,0.577,5,Moderate to High Restlessness,5
177,1697074216106,2023-10-12T02:30:16.106,7.08,0.246,1.157,0.648,7,Very High Restlessness,7
178,1697074216146,2023-10-12T02:30:16.146,7.12,0.483,1.037,0.684,7,Very High Restlessness,7
179,1697074216186,2023-10-12T02:30:16.186,7.16,0.489,1.001,0.695,7,Very High Restlessness,7
180,1697074216226,2023-10-12T02:30:16.226,7.2,0.308,0.977,0.776,7,Very High Restlessness,7
181,1697074216266,2023-10-12T02:30:16.266,7.24,0.216,0.864,0.592,6,High Restlessness,6
182,1697074216306,2023-10-12T02:30:16.306,7.28,0.076,0.663,0.479,4,Moderate Restlessness,4
183,1697074216346,2023-10-12T02:30:16.346,7.32,-0.272,0.549,0.817,5,Moderate to High Restlessness,5
184,1697074216386,2023-10-12T02:30:16.386,7.36,-0.924,0.594,0.892,8,Extremely High Restlessness,8
185,1697074216426,2023-10-12T02:30:16.426,7.4,-1.176,0.485,0.574,8,Extremely High Restlessness,8
186,1697074216466,2023-10-12T02:30:16.466,7.44,-0.571,0.748,0.403,5,Moderate to High Restlessness,5
187,1697074216506,2023-10-12T02:30:16.506,7.48,-0.316,1.13,0.622,7,Very High Restlessness,7
188,1697074216546,2023-10-12T02:30:16.546,7.52,-1.119,1.104,0.956,10,Maximum Restlessness,10
189,1697074216586,2023-10-12T02:30:16.586,7.56,-0.651,0.479,0.865,6,High Restlessness,6
190,1697074216626,2023-10-12T02:30:16.626,7.6,-0.195,-0.106,0.58,3,Mild Restlessness,3
191,1697074216666,2023-10-12T02:30:16.666,7.64,0.151,-0.201,0.219,1,Very Low Restlessness,1
192,1697074216706,2023-10-12T02:30:16.706,7.68,-0.345,0.483,0.546,4,Moderate Restlessness,4
193,1697074216746,2023-10-12T02:30:16.746,7.72,-1.606,0.825,0.3,10,Maximum Restlessness,10
194,1697074216786,2023-10-12T02:30:16.786,7.76,-1.272,0.882,0.238,9,Severe Restlessness,9
195,1697074216826,2023-10-12T02:30:16.826,7.8,-0.551,0.856,0.296,6,High Restlessness,6
196,1697074216866,2023-10-12T02:30:16.866,7.84,-0.655,0.665,0.307,5,Moderate to High Restlessness,5
197,1697074216906,2023-10-12T02:30:16.906,7.88,-0.786,0.563,0.268,5,Moderate to High Restlessness,5
198,1697074216946,2023-10-12T02:30:16.946,7.92,-0.838,0.708,0.274,6,High Restlessness,6
199,1697074216986,2023-10-12T02:30:16.986,7.96,-0.776,0.704,0.354,6,High Restlessness,6
200,1697074217026,2023-10-12T02:30:17.026,8.0,-0.774,0.628,0.447,6,High Restlessness,6
201,1697074217066,2023-10-12T02:30:17.066,8.04,-0.718,0.619,0.498,6,High Restlessness,6
202,1697074217106,2023-10-12T02:30:17.106,8.08,-0.556,0.577,0.503,5,Moderate to High Restlessness,5
203,1697074217146,2023-10-12T02:30:17.146,8.12,-0.673,0.678,0.634,6,High Restlessness,6
204,1697074217186,2023-10-12T02:30:17.186,8.16,-0.623,0.807,0.637,6,High Restlessness,6
205,1697074217226,2023-10-12T02:30:17.226,8.2,-0.424,0.566,0.467,4,Moderate Restlessness,4
206,1697074217266,2023-10-12T02:30:17.266,8.24,-0.409,0.414,0.36,3,Mild Restlessness,3
207,1697074217306,2023-10-12T02:30:17.306,8.28,-0.619,0.367,0.348,4,Moderate Restlessness,4
208,1697074217346,2023-10-12T02:30:17.346,8.32,-0.666,0.789,0.681,7,Very High Restlessness,7
209,1697074217386,2023-10-12T02:30:17.386,8.36,-0.69,0.707,0.59,6,High Restlessness,6
210,1697074217426,2023-10-12T02:30:17.426,8.4,-0.658,0.651,0.701,6,High Restlessness,6
211,1697074217466,2023-10-12T02:30:17.466,8.44,-0.662,0.703,0.796,7,Very High Restlessness,7
212,1697074217506,2023-10-12T02:30:17.506,8.48,-0.732,0.594,0.653,6,High Restlessness,6
213,1697074217546,2023-10-12T02:30:17.546,8.52,-0.941,0.415,0.884,7,Very High Restlessness,7
214,1697074217586,2023-10-12T02:30:17.586,8.56,-1.37,0.777,0.69,9,Severe Restlessness,9
215,1697074217626,2023-10-12T02:30:17.626,8.6,-1.337,0.104,0.248,7,Very High Restlessness,7
216,1697074217666,2023-10-12T02:30:17.666,8.64,-0.061,-0.227,0.228,1,Very Low Restlessness,1
217,1697074217706,2023-10-12T02:30:17.706,8.68,0.483,-0.694,0.335,5,Moderate to High Restlessness,5
218,1697074217746,2023-10-12T02:30:17.746,8.72,0.046,-0.404,1.014,6,High Restlessness,6
219,1697074217786,2023-10-12T02:30:17.786,8.76,-1.062,0.205,0.9,8,Extremely High Restlessness,8
220,1697074217826,2023-10-12T02:30:17.826,8.8,-1.132,0.369,-0.099,6,High Restlessness,6
221,1697074217866,2023-10-12T02:30:17.866,8.84,-1.626,0.406,-0.151,9,Severe Restlessness,9
222,1697074217906,2023-10-12T02:30:17.906,8.88,-1.027,-0.082,0.223,6,High Restlessness,6
223,1697074217946,2023-10-12T02:30:17.946,8.92,-0.67,-0.516,0.412,5,Moderate to High Restlessness,5
224,1697074217986,2023-10-12T02:30:17.986,8.96,-1.272,-0.885,-0.122,8,Extremely High Restlessness,8
225,1697074218026,2023-10-12T02:30:18.026,9.0,-1.063,-0.546,-0.131,6,High Restlessness,6
226,1697074218066,2023-10-12T02:30:18.066,9.04,-0.9,-0.494,0.006,5,Moderate to High Restlessness,5
227,1697074218106,2023-10-12T02:30:18.106,9.08,-0.895,-0.632,-0.108,6,High Restlessness,6
228,1697074218146,2023-10-12T02:30:18.146,9.12,-0.931,-0.619,-0.015,6,High Restlessness,6
229,1697074218186,2023-10-12T02:30:18.186,9.16,-0.893,-0.575,0.048,6,High Restlessness,6
230,1697074218226,2023-10-12T02:30:18.226,9.2,-0.881,-0.502,0.035,5,Moderate to High Restlessness,5
231,1697074218266,2023-10-12T02:30:18.266,9.24,-0.907,-0.484,-0.016,5,Moderate to High Restlessness,5
232,1697074218306,2023-10-12T02:30:18.306,9.28,-0.899,-0.54,0.047,6,High Restlessness,6
233,1697074218346,2023-10-12T02:30:18.346,9.32,-0.903,-0.536,0.101,6,High Restlessness,6
234,1697074218386,2023-10-12T02:30:18.386,9.36,-0.898,-0.484,-0.003,5,Moderate to High Restlessness,5
235,1697074218426,2023-10-12T02:30:18.426,9.4,-0.909,-0.506,0.068,6,High Restlessness,6
236,1697074218466,2023-10-12T02:30:18.466,9.44,-0.842,-0.474,0.166,5,Moderate to High Restlessness,5
237,1697074218506,2023-10-12T02:30:18.506,9.48,-0.789,-0.398,0.281,5,Moderate to High Restlessness,5
238,1697074218546,2023-10-12T02:30:18.546,9.52,-0.778,-0.419,0.279,5,Moderate to High Restlessness,5
239,1697074218586,2023-10-12T02:30:18.586,9.56,-0.863,-0.551,0.258,6,High Restlessness,6
240,1697074218626,2023-10-12T02:30:18.626,9.6,-0.905,-0.645,0.31,6,High Restlessness,6
241,1697074218666,2023-10-12T02:30:18.666,9.64,-0.867,-0.591,0.308,6,High Restlessness,6
242,1697074218706,2023-10-12T02:30:18.706,9.68,-0.828,-0.427,0.155,5,Moderate to High Restlessness,5
243,1697074218746,2023-10-12T02:30:18.746,9.72,-0.835,-0.427,0.12,5,Moderate to High Restlessness,5
244,1697074218786,2023-10-12T02:30:18.786,9.76,-0.938,-0.5,0.04,6,High Restlessness,6
245,1697074218826,2023-10-12T02:30:18.826,9.8,-0.918,-0.512,0.08,6,High Restlessness,6
246,1697074218866,2023-10-12T02:30:18.866,9.84,-0.784,-0.396,0.227,5,Moderate to High Restlessness,5
247,1697074218906,2023-10-12T02:30:18.906,9.88,-0.873,-0.253,0.387,5,Moderate to High Restlessness,5
248,1697074218946,2023-10-12T02:30:18.946,9.92,-0.836,-0.465,0.375,5,Moderate to High Restlessness,5
249,1697074218986,2023-10-12T02:30:18.986,9.96,-1.0,-0.51,0.322,6,High Restlessness,6
250,1697074219026,2023-10-12T02:30:19.026,10.0,-0.963,-0.476,-0.042,6,High Restlessness,6
251,1697074219066,2023-10-12T02:30:19.066,10.04,-0.943,-0.417,-0.063,5,Moderate to High Restlessness,5
252,1697074219106,2023-10-12T02:30:19.106,10.08,-0.95,-0.402,-0.022,5,Moderate to High Restlessness,5
253,1697074219146,2023-10-12T02:30:19.146,10.12,-0.938,-0.405,-0.012,5,Moderate to High Restlessness,5
254,1697074219186,2023-10-12T02:30:19.186,10.16,-0.919,-0.424,0.037,5,Moderate to High Restlessness,5
255,1697074219226,2023-10-12T02:30:19.226,10.2,-0.948,-0.456,0.005,6,High Restlessness,6
256,1697074219266,2023-10-12T02:30:19.266,10.24,-0.953,-0.457,0.004,6,High Restlessness,6
257,1697074219306,2023-10-12T02:30:19.306,10.28,-0.939,-0.457,0.038,6,High Restlessness,6
258,1697074219346,2023-10-12T02:30:19.346,10.32,-0.906,-0.476,-0.021,5,Moderate to High Restlessness,5
259,1697074219386,2023-10-12T02:30:19.386,10.36,-0.851,-0.442,-0.03,5,Moderate to High Restlessness,5
260,1697074219426,2023-10-12T02:30:19.426,10.4,-0.873,-0.418,0.031,5,Moderate to High Restlessness,5
261,1697074219466,2023-10-12T02:30:19.466,10.44,-0.934,-0.444,0.077,5,Moderate to High Restlessness,5
262,1697074219506,2023-10-12T02:30:19.506,10.48,-0.938,-0.465,0.034,6,High Restlessness,6
263,1697074219546,2023-10-12T02:30:19.546,10.52,-0.893,-0.444,-0.037,5,Moderate to High Restlessness,5
264,1697074219586,2023-10-12T02:30:19.586,10.56,-0.868,-0.416,-0.03,5,Moderate to High Restlessness,5
265,1697074219626,2023-10-12T02:30:19.626,10.6,-0.942,-0.404,-0.084,5,Moderate to High Restlessness,5
266,1697074219666,2023-10-12T02:30:19.666,10.64,-1.002,-0.397,-0.122,6,High Restlessness,6
267,1697074219706,2023-10-12T02:30:19.706,10.68,-0.975,-0.407,-0.117,6,High Restlessness,6
268,1697074219746,2023-10-12T02:30:19.746,10.72,-0.939,-0.422,-0.112,5,Moderate to High Restlessness,5
269,1697074219786,2023-10-12T02:30:19.786,10.76,-0.936,-0.417,-0.117,5,Moderate to High Restlessness,5
270,1697074219826,2023-10-12T02:30:19.826,10.8,-0.941,-0.396,-0.108,5,Moderate to High Restlessness,5
271,1697074219866,2023-10-12T02:30:19.866,10.84,-0.942,-0.389,-0.101,5,Moderate to High Restlessness,5
272,1697074219906,2023-10-12T02:30:19.906,10.88,-0.94,-0.386,-0.092,5,Moderate to High Restlessness,5
273,1697074219946,2023-10-12T02:30:19.946,10.92,-0.934,-0.381,-0.091,5,Moderate to High Restlessness,5
274,1697074219986,2023-10-12T02:30:19.986,10.96,-0.936,-0.383,-0.092,5,Moderate to High Restlessness,5
275,1697074220026,2023-10-12T02:30:20.026,11.0,-0.939,-0.386,-0.085,5,Moderate to High Restlessness,5
276,1697074220066,2023-10-12T02:30:20.066,11.04,-0.94,-0.383,-0.097,5,Moderate to High Restlessness,5
277,1697074220106,2023-10-12T02:30:20.106,11.08,-0.942,-0.387,-0.104,5,Moderate to High Restlessness,5
278,1697074220146,2023-10-12T02:30:20.146,11.12,-0.949,-0.397,-0.108,5,Moderate to High Restlessness,5
279,1697074220186,2023-10-12T02:30:20.186,11.16,-0.953,-0.398,-0.114,5,Moderate to High Restlessness,5
280,1697074220226,2023-10-12T02:30:20.226,11.2,-0.953,-0.393,-0.104,5,Moderate to High Restlessness,5
281,1697074220266,2023-10-12T02:30:20.266,11.24,-0.982,-0.361,-0.08,6,High Restlessness,6
282,1697074220306,2023-10-12T02:30:20.306,11.28,-1.005,-0.31,-0.036,6,High Restlessness,6
283,1697074220346,2023-10-12T02:30:20.346,11.32,-0.97,-0.382,-0.043,6,High Restlessness,6
284,1697074220386,2023-10-12T02:30:20.386,11.36,-0.951,-0.48,-0.048,6,High Restlessness,6
285,1697074220426,2023-10-12T02:30:20.426,11.4,-0.902,-0.578,0.022,6,High Restlessness,6
286,1697074220466,2023-10-12T02:30:20.466,11.44,-0.762,-0.694,0.121,5,Moderate to High Restlessness,5
287,1697074220506,2023-10-12T02:30:20.506,11.48,-0.664,-0.771,0.135,5,Moderate to High Restlessness,5
288,1697074220546,2023-10-12T02:30:20.546,11.52,-0.755,-0.599,0.093,5,Moderate to High Restlessness,5
289,1697074220586,2023-10-12T02:30:20.586,11.56,-0.825,-0.54,0.138,5,Moderate to High Restlessness,5
290,1697074220626,2023-10-12T02:30:20.626,11.6,-0.817,-0.564,0.17,5,Moderate to High Restlessness,5
291,1697074220666,2023-10-12T02:30:20.666,11.64,-0.804,-0.605,0.208,5,Moderate to High Restlessness,5
292,1697074220706,2023-10-12T02:30:20.706,11.68,-0.834,-0.579,0.261,6,High Restlessness,6
293,1697074220746,2023-10-12T02:30:20.746,11.72,-0.91,-0.435,0.292,6,High Restlessness,6
294,1697074220786,2023-10-12T02:30:20.786,11.76,-1.038,-0.298,0.327,6,High Restlessness,6
295,1697074220826,2023-10-12T02:30:20.826,11.8,-0.99,-0.088,0.422,6,High Restlessness,6
296,1697074220866,2023-10-12T02:30:20.866,11.84,-0.935,0.077,0.477,6,High Restlessness,6
297,1697074220906,2023-10-12T02:30:20.906,11.88,-0.979,0.107,0.427,6,High Restlessness,6
298,1697074220946,2023-10-12T02:30:20.946,11.92,-0.971,-0.077,0.318,5,Moderate to High Restlessness,5
299,1697074220986,2023-10-12T02:30:20.986,11.96,-0.917,-0.058,0.491,6,High Restlessness,6
300,1697074221026,2023-10-12T02:30:21.026,12.0,-0.608,0.167,1.031,6,High Restlessness,6
301,1697074221066,2023-10-12T02:30:21.066,12.04,-0.849,0.246,0.821,6,High Restlessness,6
302,1697074221106,2023-10-12T02:30:21.106,12.08,-0.488,0.523,0.637,5,Moderate to High Restlessness,5
303,1697074221146,2023-10-12T02:30:21.146,12.12,-0.769,0.508,0.432,5,Moderate to High Restlessness,5
304,1697074221186,2023-10-12T02:30:21.186,12.16,-0.315,0.529,0.425,4,Moderate Restlessness,4
305,1697074221226,2023-10-12T02:30:21.226,12.2,-0.331,0.495,0.298,3,Mild Restlessness,3
306,1697074221266,2023-10-12T02:30:21.266,12.24,-1.16,0.104,0.607,7,Very High Restlessness,7
307,1697074221306,2023-10-12T02:30:21.306,12.28,-1.032,0.059,1.153,8,Extremely High Restlessness,8
308,1697074221346,2023-10-12T02:30:21.346,12.32,-0.54,0.389,0.95,6,High Restlessness,6
309,1697074221386,2023-10-12T02:30:21.386,12.36,-0.56,0.623,0.813,6,High Restlessness,6
310,1697074221426,2023-10-12T02:30:21.426,12.4,-0.682,0.378,0.581,5,Moderate to High Restlessness,5
311,1697074221466,2023-10-12T02:30:21.466,12.44,-0.632,0.567,0.484,5,Moderate to High Restlessness,5
312,1697074221506,2023-10-12T02:30:21.506,12.48,-0.816,0.535,0.375,6,High Restlessness,6
313,1697074221546,2023-10-12T02:30:21.546,12.52,-0.963,0.468,0.321,6,High Restlessness,6
314,1697074221586,2023-10-12T02:30:21.586,12.56,-0.714,0.592,0.519,6,High Restlessness,6
315,1697074221626,2023-10-12T02:30:21.626,12.6,-0.752,0.406,0.578,5,Moderate to High Restlessness,5
316,1697074221666,2023-10-12T02:30:21.666,12.64,-0.616,0.528,0.719,6,High Restlessness,6
317,1697074221706,2023-10-12T02:30:21.706,12.68,-0.855,0.318,0.708,6,High Restlessness,6
318,1697074221746,2023-10-12T02:30:21.746,12.72,-1.024,0.229,0.462,6,High Restlessness,6
319,1697074221786,2023-10-12T02:30:21.786,12.76,-1.086,0.225,0.458,6,High Restlessness,6
320,1697074221826,2023-10-12T02:30:21.826,12.8,-1.014,0.042,0.618,6,High Restlessness,6
321,1697074221866,2023-10-12T02:30:21.866,12.84,-0.791,-0.015,0.659,5,Moderate to High Restlessness,5
322,1697074221906,2023-10-12T02:30:21.906,12.88,-0.557,0.033,0.726,5,Moderate to High Restlessness,5
323,1697074221946,2023-10-12T02:30:21.946,12.92,-0.499,0.246,0.283,3,Mild Restlessness,3
324,1697074221986,2023-10-12T02:30:21.986,12.96,-1.156,0.58,-0.164,7,Very High Restlessness,7
325,1697074222026,2023-10-12T02:30:22.026,13.0,-1.481,0.666,-0.281,9,Severe Restlessness,9
326,1697074222066,2023-10-12T02:30:22.066,13.04,-0.875,0.591,0.289,6,High Restlessness,6
327,1697074222106,2023-10-12T02:30:22.106,13.08,-0.876,0.456,0.44,6,High Restlessness,6
328,1697074222146,2023-10-12T02:30:22.146,13.12,-1.538,-0.034,0.427,9,Severe Restlessness,9
329,1697074222186,2023-10-12T02:30:22.186,13.16,0.052,0.38,0.783,5,Moderate to High Restlessness,5
330,1697074222226,2023-10-12T02:30:22.226,13.2,-1.356,-0.364,0.535,8,Extremely High Restlessness,8
331,1697074222266,2023-10-12T02:30:22.266,13.24,-0.068,0.097,1.083,6,High Restlessness,6
332,1697074222306,2023-10-12T02:30:22.306,13.28,-0.533,0.248,1.075,7,Very High Restlessness,7
333,1697074222346,2023-10-12T02:30:22.346,13.32,-1.627,-0.149,0.788,10,Maximum Restlessness,10
334,1697074222386,2023-10-12T02:30:22.386,13.36,-1.567,-0.208,0.083,9,Severe Restlessness,9
335,1697074222426,2023-10-12T02:30:22.426,13.4,-1.343,-0.137,0.1,7,Very High Restlessness,7
336,1697074222466,2023-10-12T02:30:22.466,13.44,-1.425,-0.286,0.399,8,Extremely High Restlessness,8
337,1697074222506,2023-10-12T02:30:22.506,13.48,-1.251,-0.18,0.139,7,Very High Restlessness,7
338,1697074222546,2023-10-12T02:30:22.546,13.52,-0.623,-0.173,0.09,3,Mild Restlessness,3
339,1697074222586,2023-10-12T02:30:22.586,13.56,0.32,-0.387,0.105,2,Low Restlessness,2
340,1697074222626,2023-10-12T02:30:22.626,13.6,0.618,-0.738,0.431,6,High Restlessness,6
341,1697074222666,2023-10-12T02:30:22.666,13.64,0.016,-0.658,0.49,4,Moderate Restlessness,4
342,1697074222706,2023-10-12T02:30:22.706,13.68,0.481,-0.298,-0.346,3,Mild Restlessness,3
343,1697074222746,2023-10-12T02:30:22.746,13.72,-0.465,1.036,-0.358,6,High Restlessness,6
344,1697074222786,2023-10-12T02:30:22.786,13.76,-3.188,2.795,1.452,25,Invalid Score,25
345,1697074222826,2023-10-12T02:30:22.826,13.8,-0.229,1.461,1.125,10,Maximum Restlessness,10
346,1697074222866,2023-10-12T02:30:22.866,13.84,-0.534,0.198,0.58,4,Moderate Restlessness,4
347,1697074222906,2023-10-12T02:30:22.906,13.88,-0.626,0.333,0.621,5,Moderate to High Restlessness,5
348,1697074222946,2023-10-12T02:30:22.946,13.92,-0.402,0.563,0.559,5,Moderate to High Restlessness,5
349,1697074222986,2023-10-12T02:30:22.986,13.96,-0.525,0.69,0.593,6,High Restlessness,6
350,1697074223026,2023-10-12T02:30:23.026,14.0,-0.507,0.764,0.62,6,High Restlessness,6
351,1697074223066,2023-10-12T02:30:23.066,14.04,-0.432,0.835,0.699,6,High Restlessness,6
352,1697074223106,2023-10-12T02:30:23.106,14.08,-0.292,0.441,0.605,4,Moderate Restlessness,4
353,1697074223146,2023-10-12T02:30:23.146,14.12,-0.449,0.58,0.684,5,Moderate to High Restlessness,5
354,1697074223186,2023-10-12T02:30:23.186,14.16,-0.241,0.721,0.808,6,High Restlessness,6
355,1697074223226,2023-10-12T02:30:23.226,14.2,-0.159,0.542,0.806,5,Moderate to High Restlessness,5
356,1697074223266,2023-10-12T02:30:23.266,14.24,-0.383,0.659,0.676,5,Moderate to High Restlessness,5
357,1697074223306,2023-10-12T02:30:23.306,14.28,-0.332,0.878,0.716,6,High Restlessness,6
358,1697074223346,2023-10-12T02:30:23.346,14.32,0.014,0.772,0.791,6,High Restlessness,6
359,1697074223386,2023-10-12T02:30:23.386,14.36,-0.11,0.539,0.732,5,Moderate to High Restlessness,5
360,1697074223426,2023-10-12T02:30:23.426,14.4,-0.278,0.421,0.707,5,Moderate to High Restlessness,5
361,1697074223466,2023-10-12T02:30:23.466,14.44,-0.544,0.789,0.639,6,High Restlessness,6
362,1697074223506,2023-10-12T02:30:23.506,14.48,-0.07,0.546,0.574,4,Moderate Restlessness,4
363,1697074223546,2023-10-12T02:30:23.546,14.52,-0.533,0.722,0.645,6,High Restlessness,6
364,1697074223586,2023-10-12T02:30:23.586,14.56,-0.297,0.707,0.613,5,Moderate to High Restlessness,5
365,1697074223626,2023-10-12T02:30:23.626,14.6,-0.24,0.535,0.583,4,Moderate Restlessness,4
366,1697074223666,2023-10-12T02:30:23.666,14.64,-0.384,0.635,0.549,5,Moderate to High Restlessness,5
367,1697074223706,2023-10-12T02:30:23.706,14.68,-0.411,0.664,0.694,6,High Restlessness,6
368,1697074223746,2023-10-12T02:30:23.746,14.72,-0.471,0.541,0.574,5,Moderate to High Restlessness,5
369,1697074223786,2023-10-12T02:30:23.786,14.76,-0.691,0.467,0.604,5,Moderate to High Restlessness,5
370,1697074223826,2023-10-12T02:30:23.826,14.8,-0.637,0.434,0.772,6,High Restlessness,6
371,1697074223866,2023-10-12T02:30:23.866,14.84,-0.629,0.39,0.697,5,Moderate to High Restlessness,5
372,1697074223906,2023-10-12T02:30:23.906,14.88,-0.687,0.477,0.73,6,High Restlessness,6
373,1697074223946,2023-10-12T02:30:23.946,14.92,-0.657,0.542,0.678,6,High Restlessness,6
374,1697074223986,2023-10-12T02:30:23.986,14.96,-0.552,0.472,0.757,6,High Restlessness,6
375,1697074224026,2023-10-12T02:30:24.026,15.0,-0.501,0.366,0.675,5,Moderate to High Restlessness,5
376,1697074224066,2023-10-12T02:30:24.066,15.04,-0.597,0.367,0.723,5,Moderate to High Restlessness,5
377,1697074224106,2023-10-12T02:30:24.106,15.08,-0.63,0.377,0.745,6,High Restlessness,6
378,1697074224146,2023-10-12T02:30:24.146,15.12,-0.622,0.279,0.728,5,Moderate to High Restlessness,5
379,1697074224186,2023-10-12T02:30:24.186,15.16,-0.69,0.277,0.898,6,High Restlessness,6
380,1697074224226,2023-10-12T02:30:24.226,15.2,-0.829,0.28,0.732,6,High Restlessness,6
381,1697074224266,2023-10-12T02:30:24.266,15.24,-0.98,0.35,0.639,7,Very High Restlessness,7
382,1697074224306,2023-10-12T02:30:24.306,15.28,-0.768,0.389,0.643,6,High Restlessness,6
383,1697074224346,2023-10-12T02:30:24.346,15.32,-0.628,0.298,0.306,4,Moderate Restlessness,4
384,1697074224386,2023-10-12T02:30:24.386,15.36,-0.942,-0.031,0.11,5,Moderate to High Restlessness,5
385,1697074224426,2023-10-12T02:30:24.426,15.4,-0.772,-0.255,0.267,4,Moderate Restlessness,4
386,1697074224466,2023-10-12T02:30:24.466,15.44,-0.407,-0.195,0.284,3,Mild Restlessness,3
387,1697074224506,2023-10-12T02:30:24.506,15.48,-0.458,-0.261,0.112,3,Mild Restlessness,3
388,1697074224546,2023-10-12T02:30:24.546,15.52,-1.027,-0.288,0.26,6,High Restlessness,6
389,1697074224586,2023-10-12T02:30:24.586,15.56,-1.4,-0.362,-0.089,8,Extremely High Restlessness,8
390,1697074224626,2023-10-12T02:30:24.626,15.6,-0.933,-0.271,0.31,5,Moderate to High Restlessness,5
391,1697074224666,2023-10-12T02:30:24.666,15.64,-0.868,-0.341,0.832,7,Very High Restlessness,7
392,1697074224706,2023-10-12T02:30:24.706,15.68,-1.197,-0.61,0.567,8,Extremely High Restlessness,8
393,1697074224746,2023-10-12T02:30:24.746,15.72,-1.244,-0.654,0.04,8,Extremely High Restlessness,8
394,1697074224786,2023-10-12T02:30:24.786,15.76,-0.934,-0.514,0.054,6,High Restlessness,6
395,1697074224826,2023-10-12T02:30:24.826,15.8,-0.755,-0.429,0.219,5,Moderate to High Restlessness,5
396,1697074224866,2023-10-12T02:30:24.866,15.84,-0.84,-0.429,0.287,5,Moderate to High Restlessness,5
397,1697074224906,2023-10-12T02:30:24.906,15.88,-0.813,-0.488,0.396,5,Moderate to High Restlessness,5
398,1697074224946,2023-10-12T02:30:24.946,15.92,-0.703,-0.502,0.389,5,Moderate to High Restlessness,5
399,1697074224986,2023-10-12T02:30:24.986,15.96,-0.965,-0.469,0.128,6,High Restlessness,6
400,1697074225026,2023-10-12T02:30:25.026,16.0,-0.967,-0.476,0.085,6,High Restlessness,6
401,1697074225066,2023-10-12T02:30:25.066,16.04,-0.778,-0.468,0.263,5,Moderate to High Restlessness,5
402,1697074225106,2023-10-12T02:30:25.106,16.08,-0.792,-0.479,0.237,5,Moderate to High Restlessness,5
403,1697074225146,2023-10-12T02:30:25.146,16.12,-0.88,-0.495,0.176,5,Moderate to High Restlessness,5
404,1697074225186,2023-10-12T02:30:25.186,16.16,-0.891,-0.514,0.151,6,High Restlessness,6
405,1697074225226,2023-10-12T02:30:25.226,16.2,-0.897,-0.51,0.143,6,High Restlessness,6
406,1697074225266,2023-10-12T02:30:25.266,16.24,-0.911,-0.527,0.129,6,High Restlessness,6
407,1697074225306,2023-10-12T02:30:25.306,16.28,-0.917,-0.543,0.124,6,High Restlessness,6
408,1697074225346,2023-10-12T02:30:25.346,16.32,-0.872,-0.54,0.147,5,Moderate to High Restlessness,5
409,1697074225386,2023-10-12T02:30:25.386,16.36,-0.947,-0.497,0.148,6,High Restlessness,6
410,1697074225426,2023-10-12T02:30:25.426,16.4,-1.099,-0.415,0.087,6,High Restlessness,6
411,1697074225466,2023-10-12T02:30:25.466,16.44,-1.217,-0.33,0.139,7,Very High Restlessness,7
412,1697074225506,2023-10-12T02:30:25.506,16.48,-1.269,-0.055,0.193,7,Very High Restlessness,7
413,1697074225546,2023-10-12T02:30:25.546,16.52,-0.818,0.139,0.362,5,Moderate to High Restlessness,5
414,1697074225586,2023-10-12T02:30:25.586,16.56,-0.962,-0.0,0.157,5,Moderate to High Restlessness,5
415,1697074225626,2023-10-12T02:30:25.626,16.6,-0.994,0.056,0.254,5,Moderate to High Restlessness,5
416,1697074225666,2023-10-12T02:30:25.666,16.64,-0.973,0.104,0.284,5,Moderate to High Restlessness,5
417,1697074225706,2023-10-12T02:30:25.706,16.68,-0.969,-0.24,0.115,5,Moderate to High Restlessness,5
418,1697074225746,2023-10-12T02:30:25.746,16.72,-0.819,0.28,0.271,5,Moderate to High Restlessness,5
419,1697074225786,2023-10-12T02:30:25.786,16.76,-1.066,-0.16,-0.022,6,High Restlessness,6
420,1697074225826,2023-10-12T02:30:25.826,16.8,-0.917,-0.279,0.17,5,Moderate to High Restlessness,5
421,1697074225866,2023-10-12T02:30:25.866,16.84,-1.066,-0.183,0.406,6,High Restlessness,6
422,1697074225906,2023-10-12T02:30:25.906,16.88,-0.59,0.029,0.83,5,Moderate to High Restlessness,5
423,1697074225946,2023-10-12T02:30:25.946,16.92,-0.512,0.396,1.161,7,Very High Restlessness,7
424,1697074225986,2023-10-12T02:30:25.986,16.96,-1.087,0.437,0.621,7,Very High Restlessness,7
425,1697074226026,2023-10-12T02:30:26.026,17.0,-1.027,0.414,0.455,6,High Restlessness,6
426,1697074226066,2023-10-12T02:30:26.066,17.04,-0.713,0.407,0.633,5,Moderate to High Restlessness,5
427,1697074226106,2023-10-12T02:30:26.106,17.08,-0.724,0.385,0.546,5,Moderate to High Restlessness,5
428,1697074226146,2023-10-12T02:30:26.146,17.12,-0.929,0.43,0.382,6,High Restlessness,6
429,1697074226186,2023-10-12T02:30:26.186,17.16,-0.982,0.448,0.231,6,High Restlessness,6
430,1697074226226,2023-10-12T02:30:26.226,17.2,-1.002,0.355,0.236,6,High Restlessness,6
431,1697074226266,2023-10-12T02:30:26.266,17.24,-0.89,0.286,0.321,5,Moderate to High Restlessness,5
432,1697074226306,2023-10-12T02:30:26.306,17.28,-0.85,0.326,0.333,5,Moderate to High Restlessness,5
433,1697074226346,2023-10-12T02:30:26.346,17.32,-0.869,0.344,0.337,5,Moderate to High Restlessness,5
434,1697074226386,2023-10-12T02:30:26.386,17.36,-0.885,0.315,0.343,5,Moderate to High Restlessness,5
435,1697074226426,2023-10-12T02:30:26.426,17.4,-0.9,0.313,0.345,5,Moderate to High Restlessness,5
436,1697074226466,2023-10-12T02:30:26.466,17.44,-0.928,0.323,0.313,5,Moderate to High Restlessness,5
437,1697074226506,2023-10-12T02:30:26.506,17.48,-0.942,0.321,0.291,5,Moderate to High Restlessness,5
438,1697074226546,2023-10-12T02:30:26.546,17.52,-0.969,0.283,0.25,6,High Restlessness,6
439,1697074226586,2023-10-12T02:30:26.586,17.56,-0.896,0.208,0.311,5,Moderate to High Restlessness,5
440,1697074226626,2023-10-12T02:30:26.626,17.6,-0.906,0.226,0.294,5,Moderate to High Restlessness,5
441,1697074226666,2023-10-12T02:30:26.666,17.64,-0.923,0.227,0.285,5,Moderate to High Restlessness,5
442,1697074226706,2023-10-12T02:30:26.706,17.68,-0.941,0.214,0.246,5,Moderate to High Restlessness,5
443,1697074226746,2023-10-12T02:30:26.746,17.72,-0.966,0.238,0.191,5,Moderate to High Restlessness,5
444,1697074226786,2023-10-12T02:30:26.786,17.76,-0.981,0.242,0.159,5,Moderate to High Restlessness,5
445,1697074226826,2023-10-12T02:30:26.826,17.8,-0.996,0.245,0.154,5,Moderate to High Restlessness,5
446,1697074226866,2023-10-12T02:30:26.866,17.84,-0.986,0.237,0.147,5,Moderate to High Restlessness,5
447,1697074226906,2023-10-12T02:30:26.906,17.88,-0.986,0.21,0.122,5,Moderate to High Restlessness,5
448,1697074226946,2023-10-12T02:30:26.946,17.92,-0.958,0.198,0.138,5,Moderate to High Restlessness,5
449,1697074226986,2023-10-12T02:30:26.986,17.96,-0.951,0.21,0.153,5,Moderate to High Restlessness,5
450,1697074227026,2023-10-12T02:30:27.026,18.0,-0.985,0.224,0.154,5,Moderate to High Restlessness,5
451,1697074227066,2023-10-12T02:30:27.066,18.04,-0.952,0.232,0.197,5,Moderate to High Restlessness,5
452,1697074227106,2023-10-12T02:30:27.106,18.08,-0.939,0.243,0.22,5,Moderate to High Restlessness,5
453,1697074227146,2023-10-12T02:30:27.146,18.12,-0.938,0.244,0.186,5,Moderate to High Restlessness,5
454,1697074227186,2023-10-12T02:30:27.186,18.16,-0.959,0.234,0.183,5,Moderate to High Restlessness,5
455,1697074227226,2023-10-12T02:30:27.226,18.2,-1.018,0.248,0.197,6,High Restlessness,6
456,1697074227266,2023-10-12T02:30:27.266,18.24,-1.081,0.273,0.233,6,High Restlessness,6
457,1697074227306,2023-10-12T02:30:27.306,18.28,-1.117,0.211,0.176,6,High Restlessness,6
458,1697074227346,2023-10-12T02:30:27.346,18.32,-0.968,0.02,0.158,5,Moderate to High Restlessness,5
459,1697074227386,2023-10-12T02:30:27.386,18.36,-0.952,-0.182,0.086,5,Moderate to High Restlessness,5
460,1697074227426,2023-10-12T02:30:27.426,18.4,-1.207,-0.035,0.081,6,High Restlessness,6
461,1697074227466,2023-10-12T02:30:27.466,18.44,-1.345,-0.017,0.154,7,Very High Restlessness,7
462,1697074227506,2023-10-12T02:30:27.506,18.48,-1.121,-0.104,0.276,6,High Restlessness,6
463,1697074227546,2023-10-12T02:30:27.546,18.52,-0.926,-0.292,0.313,5,Moderate to High Restlessness,5
464,1697074227586,2023-10-12T02:30:27.586,18.56,-0.916,-0.127,0.246,5,Moderate to High Restlessness,5
465,1697074227626,2023-10-12T02:30:27.626,18.6,-0.802,-0.37,0.137,5,Moderate to High Restlessness,5
466,1697074227666,2023-10-12T02:30:27.666,18.64,-1.35,-0.215,0.043,7,Very High Restlessness,7
467,1697074227706,2023-10-12T02:30:27.706,18.68,-1.224,-0.283,-0.024,7,Very High Restlessness,7
468,1697074227746,2023-10-12T02:30:27.746,18.72,-1.323,-0.272,-0.255,7,Very High Restlessness,7
469,1697074227786,2023-10-12T02:30:27.786,18.76,-1.15,-0.67,-0.082,7,Very High Restlessness,7
470,1697074227826,2023-10-12T02:30:27.826,18.8,-1.124,-0.725,-0.152,7,Very High Restlessness,7
471,1697074227866,2023-10-12T02:30:27.866,18.84,-1.254,-0.464,-0.315,7,Very High Restlessness,7
472,1697074227906,2023-10-12T02:30:27.906,18.88,-1.189,-0.144,-0.477,7,Very High Restlessness,7
473,1697074227946,2023-10-12T02:30:27.946,18.92,-0.25,0.294,-0.858,5,Moderate to High Restlessness,5
474,1697074227986,2023-10-12T02:30:27.986,18.96,-0.44,0.289,-1.21,7,Very High Restlessness,7
475,1697074228026,2023-10-12T02:30:28.026,19.0,-1.065,0.611,-0.451,7,Very High Restlessness,7
476,1697074228066,2023-10-12T02:30:28.066,19.04,-0.629,0.175,-0.125,3,Mild Restlessness,3
477,1697074228106,2023-10-12T02:30:28.106,19.08,-0.669,-0.999,-0.205,7,Very High Restlessness,7
478,1697074228146,2023-10-12T02:30:28.146,19.12,-0.559,-1.332,-0.358,8,Extremely High Restlessness,8
479,1697074228186,2023-10-12T02:30:28.186,19.16,-0.099,-1.26,-0.559,7,Very High Restlessness,7
480,1697074228226,2023-10-12T02:30:28.226,19.2,0.2,-1.276,-0.659,8,Extremely High Restlessness,8
481,1697074228266,2023-10-12T02:30:28.266,19.24,0.066,-1.251,-0.808,8,Extremely High Restlessness,8
482,1697074228306,2023-10-12T02:30:28.306,19.28,0.186,-1.208,-0.757,8,Extremely High Restlessness,8
483,1697074228346,2023-10-12T02:30:28.346,19.32,0.343,-0.919,-0.537,6,High Restlessness,6
484,1697074228386,2023-10-12T02:30:28.386,19.36,0.524,-0.811,-0.369,5,Moderate to High Restlessness,5
485,1697074228426,2023-10-12T02:30:28.426,19.4,0.713,-0.744,-0.212,6,High Restlessness,6
486,1697074228466,2023-10-12T02:30:28.466,19.44,0.718,-0.707,-0.084,5,Moderate to High Restlessness,5
487,1697074228506,2023-10-12T02:30:28.506,19.48,0.764,-0.797,-0.051,6,High Restlessness,6
488,1697074228546,2023-10-12T02:30:28.546,19.52,0.631,-0.856,-0.098,6,High Restlessness,6
489,1697074228586,2023-10-12T02:30:28.586,19.56,0.588,-0.753,-0.094,5,Moderate to High Restlessness,5
490,1697074228626,2023-10-12T02:30:28.626,19.6,0.572,-0.83,-0.028,5,Moderate to High Restlessness,5
491,1697074228666,2023-10-12T02:30:28.666,19.64,0.58,-0.92,0.131,6,High Restlessness,6
492,1697074228706,2023-10-12T02:30:28.706,19.68,0.604,-1.004,0.089,6,High Restlessness,6
493,1697074228746,2023-10-12T02:30:28.746,19.72,0.473,-1.049,0.104,6,High Restlessness,6
494,1697074228786,2023-10-12T02:30:28.786,19.76,0.245,-0.954,0.273,5,Moderate to High Restlessness,5
495,1697074228826,2023-10-12T02:30:28.826,19.8,0.28,-0.814,0.246,5,Moderate to High Restlessness,5
496,1697074228866,2023-10-12T02:30:28.866,19.84,0.333,-0.776,0.193,5,Moderate to High Restlessness,5
497,1697074228906,2023-10-12T02:30:28.906,19.88,0.336,-0.801,0.261,5,Moderate to High Restlessness,5
498,1697074228946,2023-10-12T02:30:28.946,19.92,0.41,-0.941,0.181,6,High Restlessness,6
499,1697074228986,2023-10-12T02:30:28.986,19.96,0.368,-0.945,0.079,5,Moderate to High Restlessness,5
500,1697074229026,2023-10-12T02:30:29.026,20.0,0.333,-0.899,-0.08,5,Moderate to High Restlessness,5
501,1697074229066,2023-10-12T02:30:29.066,20.04,0.387,-0.996,-0.152,6,High Restlessness,6
502,1697074229106,2023-10-12T02:30:29.106,20.08,0.333,-1.005,-0.229,6,High Restlessness,6
503,1697074229146,2023-10-12T02:30:29.146,20.12,0.328,-1.015,-0.323,6,High Restlessness,6
504,1697074229186,2023-10-12T02:30:29.186,20.16,0.369,-0.904,-0.292,5,Moderate to High Restlessness,5
505,1697074229226,2023-10-12T02:30:29.226,20.2,0.491,-0.954,-0.106,6,High Restlessness,6
506,1697074229266,2023-10-12T02:30:29.266,20.24,0.505,-1.042,-0.063,6,High Restlessness,6
507,1697074229306,2023-10-12T02:30:29.306,20.28,0.192,-1.087,0.034,6,High Restlessness,6
508,1697074229346,2023-10-12T02:30:29.346,20.32,0.138,-1.11,0.321,6,High Restlessness,6
509,1697074229386,2023-10-12T02:30:29.386,20.36,0.311,-1.042,0.429,6,High Restlessness,6
510,1697074229426,2023-10-12T02:30:29.426,20.4,0.434,-0.875,0.312,5,Moderate to High Restlessness,5
511,1697074229466,2023-10-12T02:30:29.466,20.44,1.038,-1.319,-0.406,9,Severe Restlessness,9
512,1697074229506,2023-10-12T02:30:29.506,20.48,0.567,-0.155,0.011,3,Mild Restlessness,3
513,1697074229546,2023-10-12T02:30:29.546,20.52,0.405,-0.939,0.254,6,High Restlessness,6
514,1697074229586,2023-10-12T02:30:29.586,20.56,0.158,-0.489,0.204,3,Mild Restlessness,3
515,1697074229626,2023-10-12T02:30:29.626,20.6,0.376,-0.445,0.593,4,Moderate Restlessness,4
516,1697074229666,2023-10-12T02:30:29.666,20.64,0.564,-0.555,0.675,6,High Restlessness,6
517,1697074229706,2023-10-12T02:30:29.706,20.68,0.614,-0.725,0.497,6,High Restlessness,6
518,1697074229746,2023-10-12T02:30:29.746,20.72,0.664,-0.779,0.282,6,High Restlessness,6
519,1697074229786,2023-10-12T02:30:29.786,20.76,0.388,-0.865,0.204,5,Moderate to High Restlessness,5
520,1697074229826,2023-10-12T02:30:29.826,20.8,0.47,-0.98,0.243,6,High Restlessness,6
521,1697074229866,2023-10-12T02:30:29.866,20.84,0.714,-1.007,0.077,7,Very High Restlessness,7
522,1697074229906,2023-10-12T02:30:29.906,20.88,0.716,-0.896,-0.163,6,High Restlessness,6
523,1697074229946,2023-10-12T02:30:29.946,20.92,1.131,-0.814,-0.153,8,Extremely High Restlessness,8
524,1697074229986,2023-10-12T02:30:29.986,20.96,1.233,-1.1,0.01,9,Severe Restlessness,9
525,1697074230026,2023-10-12T02:30:30.026,21.0,0.938,-1.175,0.227,8,Extremely High Restlessness,8
526,1697074230066,2023-10-12T02:30:30.066,21.04,0.526,-1.01,0.577,7,Very High Restlessness,7
527,1697074230106,2023-10-12T02:30:30.106,21.08,0.671,-0.868,0.637,7,Very High Restlessness,7
528,1697074230146,2023-10-12T02:30:30.146,21.12,0.934,-0.927,0.2,7,Very High Restlessness,7
529,1697074230186,2023-10-12T02:30:30.186,21.16,1.074,-0.867,-0.295,8,Extremely High Restlessness,8
530,1697074230226,2023-10-12T02:30:30.226,21.2,0.841,-0.682,-0.502,6,High Restlessness,6
531,1697074230266,2023-10-12T02:30:30.266,21.24,0.78,-0.583,-0.637,6,High Restlessness,6
532,1697074230306,2023-10-12T02:30:30.306,21.28,0.639,-0.579,-0.588,6,High Restlessness,6
533,1697074230346,2023-10-12T02:30:30.346,21.32,0.333,-0.551,-0.301,4,Moderate Restlessness,4
534,1697074230386,2023-10-12T02:30:30.386,21.36,0.031,-0.407,-0.009,2,Low Restlessness,2
535,1697074230426,2023-10-12T02:30:30.426,21.4,-0.33,-0.138,0.309,2,Low Restlessness,2
536,1697074230466,2023-10-12T02:30:30.466,21.44,-0.335,0.058,0.093,2,Low Restlessness,2
537,1697074230506,2023-10-12T02:30:30.506,21.48,0.539,0.322,0.183,3,Mild Restlessness,3
538,1697074230546,2023-10-12T02:30:30.546,21.52,1.07,0.719,0.733,8,Extremely High Restlessness,8
539,1697074230586,2023-10-12T02:30:30.586,21.56,0.989,0.976,0.725,9,Severe Restlessness,9
540,1697074230626,2023-10-12T02:30:30.626,21.6,1.204,1.003,0.711,9,Severe Restlessness,9
541,1697074230666,2023-10-12T02:30:30.666,21.64,1.131,1.029,0.778,9,Severe Restlessness,9
542,1697074230706,2023-10-12T02:30:30.706,21.68,1.102,1.105,0.753,10,Maximum Restlessness,10
543,1697074230746,2023-10-12T02:30:30.746,21.72,1.428,0.875,0.614,10,Maximum Restlessness,10
544,1697074230786,2023-10-12T02:30:30.786,21.76,1.366,0.671,0.458,9,Severe Restlessness,9
545,1697074230826,2023-10-12T02:30:30.826,21.8,1.054,0.544,0.412,7,Very High Restlessness,7
546,1697074230866,2023-10-12T02:30:30.866,21.84,0.65,0.577,0.341,5,Moderate to High Restlessness,5
547,1697074230906,2023-10-12T02:30:30.906,21.88,0.275,0.51,0.383,4,Moderate Restlessness,4
548,1697074230946,2023-10-12T02:30:30.946,21.92,0.42,0.07,0.279,2,Low Restlessness,2
549,1697074230986,2023-10-12T02:30:30.986,21.96,0.859,-0.18,-0.111,5,Moderate to High Restlessness,5
550,1697074231026,2023-10-12T02:30:31.026,22.0,0.74,-0.26,-0.515,5,Moderate to High Restlessness,5
551,1697074231066,2023-10-12T02:30:31.066,22.04,0.56,-0.176,-1.096,7,Very High Restlessness,7
552,1697074231106,2023-10-12T02:30:31.106,22.08,0.524,-0.502,-1.115,7,Very High Restlessness,7
553,1697074231146,2023-10-12T02:30:31.146,22.12,0.185,-0.576,-0.502,4,Moderate Restlessness,4
554,1697074231186,2023-10-12T02:30:31.186,22.16,0.891,-0.216,-0.963,7,Very High Restlessness,7
555,1697074231226,2023-10-12T02:30:31.226,22.2,0.879,-0.566,-1.254,9,Severe Restlessness,9
556,1697074231266,2023-10-12T02:30:31.266,22.24,0.586,-0.591,-1.391,9,Severe Restlessness,9
557,1697074231306,2023-10-12T02:30:31.306,22.28,1.367,-0.454,-1.446,11,Invalid Score,11
558,1697074231346,2023-10-12T02:30:31.346,22.32,1.062,-0.356,-1.233,9,Severe Restlessness,9
559,1697074231386,2023-10-12T02:30:31.386,22.36,0.521,-0.254,-1.161,7,Very High Restlessness,7
560,1697074231426,2023-10-12T02:30:31.426,22.4,0.645,-0.269,-1.191,7,Very High Restlessness,7
561,1697074231466,2023-10-12T02:30:31.466,22.44,0.84,-0.37,-1.012,7,Very High Restlessness,7
562,1697074231506,2023-10-12T02:30:31.506,22.48,0.647,-0.315,-0.862,6,High Restlessness,6
563,1697074231546,2023-10-12T02:30:31.546,22.52,0.523,-0.305,-0.607,4,Moderate Restlessness,4
564,1697074231586,2023-10-12T02:30:31.586,22.56,0.499,-0.275,-0.385,3,Mild Restlessness,3
565,1697074231626,2023-10-12T02:30:31.626,22.6,0.52,-0.244,-0.215,3,Mild Restlessness,3
566,1697074231666,2023-10-12T02:30:31.666,22.64,0.452,-0.142,-0.116,2,Low Restlessness,2
567,1697074231706,2023-10-12T02:30:31.706,22.68,0.669,-0.086,0.052,3,Mild Restlessness,3
568,1697074231746,2023-10-12T02:30:31.746,22.72,0.429,0.137,0.68,4,Moderate Restlessness,4
569,1697074231786,2023-10-12T02:30:31.786,22.76,0.573,0.338,1.055,7,Very High Restlessness,7
570,1697074231826,2023-10-12T02:30:31.826,22.8,1.507,0.076,1.236,11,Invalid Score,11
571,1697074231866,2023-10-12T02:30:31.866,22.84,1.648,-0.37,1.28,12,Invalid Score,12
572,1697074231906,2023-10-12T02:30:31.906,22.88,1.235,-0.415,1.087,9,Severe Restlessness,9
573,1697074231946,2023-10-12T02:30:31.946,22.92,0.893,-0.464,0.914,7,Very High Restlessness,7
574,1697074231986,2023-10-12T02:30:31.986,22.96,0.901,-0.537,0.575,6,High Restlessness,6
575,1697074232026,2023-10-12T02:30:32.026,23.0,0.997,-0.384,0.293,6,High Restlessness,6
576,1697074232066,2023-10-12T02:30:32.066,23.04,0.755,-0.27,0.126,4,Moderate Restlessness,4
577,1697074232106,2023-10-12T02:30:32.106,23.08,0.616,-0.319,-0.063,4,Moderate Restlessness,4
578,1697074232146,2023-10-12T02:30:32.146,23.12,0.528,-0.393,-0.318,4,Moderate Restlessness,4
579,1697074232186,2023-10-12T02:30:32.186,23.16,0.462,-0.499,-0.635,5,Moderate to High Restlessness,5
580,1697074232226,2023-10-12T02:30:32.226,23.2,0.53,-0.658,-0.749,6,High Restlessness,6
581,1697074232266,2023-10-12T02:30:32.266,23.24,0.44,-0.613,-0.677,5,Moderate to High Restlessness,5
582,1697074232306,2023-10-12T02:30:32.306,23.28,0.362,-0.642,-0.743,6,High Restlessness,6
583,1697074232346,2023-10-12T02:30:32.346,23.32,0.229,-0.727,-0.774,6,High Restlessness,6
584,1697074232386,2023-10-12T02:30:32.386,23.36,0.102,-0.842,-0.73,6,High Restlessness,6
585,1697074232426,2023-10-12T02:30:32.426,23.4,-0.014,-0.959,-0.796,7,Very High Restlessness,7
586,1697074232466,2023-10-12T02:30:32.466,23.44,0.015,-1.049,-0.735,7,Very High Restlessness,7
587,1697074232506,2023-10-12T02:30:32.506,23.48,-0.091,-1.025,-0.618,6,High Restlessness,6
588,1697074232546,2023-10-12T02:30:32.546,23.52,-0.441,-0.947,-0.688,7,Very High Restlessness,7
589,1697074232586,2023-10-12T02:30:32.586,23.56,-0.57,-0.813,-0.558,6,High Restlessness,6
590,1697074232626,2023-10-12T02:30:32.626,23.6,-0.384,-0.831,-0.516,6,High Restlessness,6
591,1697074232666,2023-10-12T02:30:32.666,23.64,-0.232,-0.888,-0.492,6,High Restlessness,6
592,1697074232706,2023-10-12T02:30:32.706,23.68,-0.159,-0.896,-0.229,5,Moderate to High Restlessness,5
593,1697074232746,2023-10-12T02:30:32.746,23.72,-0.143,-0.81,-0.086,4,Moderate Restlessness,4
594,1697074232786,2023-10-12T02:30:32.786,23.76,-0.038,-0.67,-0.029,3,Mild Restlessness,3
595,1697074232826,2023-10-12T02:30:32.826,23.8,0.17,-0.666,-0.048,3,Mild Restlessness,3
596,1697074232866,2023-10-12T02:30:32.866,23.84,0.315,-0.596,-0.021,3,Mild Restlessness,3
597,1697074232906,2023-10-12T02:30:32.906,23.88,0.523,-0.403,0.242,4,Moderate Restlessness,4
598,1697074232946,2023-10-12T02:30:32.946,23.92,0.772,-0.269,0.394,5,Moderate to High Restlessness,5
599,1697074232986,2023-10-12T02:30:32.986,23.96,0.979,-0.201,0.394,6,High Restlessness,6
600,1697074233026,2023-10-12T02:30:33.026,24.0,1.316,-0.129,0.266,7,Very High Restlessness,7
601,1697074233066,2023-10-12T02:30:33.066,24.04,1.648,-0.168,0.128,9,Severe Restlessness,9
602,1697074233106,2023-10-12T02:30:33.106,24.08,1.639,-0.222,0.049,9,Severe Restlessness,9
603,1697074233146,2023-10-12T02:30:33.146,24.12,1.569,-0.269,-0.089,9,Severe Restlessness,9
604,1697074233186,2023-10-12T02:30:33.186,24.16,1.363,-0.342,-0.075,8,Extremely High Restlessness,8
605,1697074233226,2023-10-12T02:30:33.226,24.2,1.06,-0.498,-0.088,6,High Restlessness,6
606,1697074233266,2023-10-12T02:30:33.266,24.24,0.917,-0.588,-0.006,6,High Restlessness,6
607,1697074233306,2023-10-12T02:30:33.306,24.28,0.808,-0.524,0.293,5,Moderate to High Restlessness,5
608,1697074233346,2023-10-12T02:30:33.346,24.32,0.743,-0.39,0.34,5,Moderate to High Restlessness,5
609,1697074233386,2023-10-12T02:30:33.386,24.36,0.589,-0.37,0.327,4,Moderate Restlessness,4
610,1697074233426,2023-10-12T02:30:33.426,24.4,0.626,-0.203,0.541,4,Moderate Restlessness,4
611,1697074233466,2023-10-12T02:30:33.466,24.44,0.701,-0.036,0.641,5,Moderate to High Restlessness,5
612,1697074233506,2023-10-12T02:30:33.506,24.48,0.669,0.08,0.625,5,Moderate to High Restlessness,5
613,1697074233546,2023-10-12T02:30:33.546,24.52,0.654,0.169,0.645,5,Moderate to High Restlessness,5
614,1697074233586,2023-10-12T02:30:33.586,24.56,0.672,0.159,0.687,5,Moderate to High Restlessness,5
615,1697074233626,2023-10-12T02:30:33.626,24.6,0.688,0.138,0.701,5,Moderate to High Restlessness,5
616,1697074233666,2023-10-12T02:30:33.666,24.64,0.786,0.123,0.683,6,High Restlessness,6
617,1697074233706,2023-10-12T02:30:33.706,24.68,0.664,0.011,0.568,5,Moderate to High Restlessness,5
618,1697074233746,2023-10-12T02:30:33.746,24.72,0.765,0.047,0.529,5,Moderate to High Restlessness,5
619,1697074233786,2023-10-12T02:30:33.786,24.76,0.846,0.143,0.462,5,Moderate to High Restlessness,5
620,1697074233826,2023-10-12T02:30:33.826,24.8,0.787,0.192,0.331,5,Moderate to High Restlessness,5
621,1697074233866,2023-10-12T02:30:33.866,24.84,1.068,0.245,0.26,6,High Restlessness,6
622,1697074233906,2023-10-12T02:30:33.906,24.88,1.046,0.327,0.161,6,High Restlessness,6
623,1697074233946,2023-10-12T02:30:33.946,24.92,1.122,0.375,0.18,6,High Restlessness,6
624,1697074233986,2023-10-12T02:30:33.986,24.96,1.118,0.455,0.21,7,Very High Restlessness,7
625,1697074234026,2023-10-12T02:30:34.026,25.0,0.881,0.455,0.263,5,Moderate to High Restlessness,5
626,1697074234066,2023-10-12T02:30:34.066,25.04,0.813,0.441,0.445,5,Moderate to High Restlessness,5
627,1697074234106,2023-10-12T02:30:34.106,25.08,0.971,0.36,0.554,6,High Restlessness,6
628,1697074234146,2023-10-12T02:30:34.146,25.12,0.911,0.307,0.421,6,High Restlessness,6
629,1697074234186,2023-10-12T02:30:34.186,25.16,0.748,0.279,0.495,5,Moderate to High Restlessness,5
630,1697074234226,2023-10-12T02:30:34.226,25.2,0.606,0.231,0.463,4,Moderate Restlessness,4
631,1697074234266,2023-10-12T02:30:34.266,25.24,0.604,0.106,0.459,4,Moderate Restlessness,4
632,1697074234306,2023-10-12T02:30:34.306,25.28,0.626,-0.0,0.392,4,Moderate Restlessness,4
633,1697074234346,2023-10-12T02:30:34.346,25.32,0.685,-0.111,0.274,4,Moderate Restlessness,4
634,1697074234386,2023-10-12T02:30:34.386,25.36,0.707,-0.235,0.152,4,Moderate Restlessness,4
635,1697074234426,2023-10-12T02:30:34.426,25.4,1.061,-0.376,0.002,6,High Restlessness,6
636,1697074234466,2023-10-12T02:30:34.466,25.44,1.392,-0.55,0.009,8,Extremely High Restlessness,8
637,1697074234506,2023-10-12T02:30:34.506,25.48,1.359,-0.852,0.195,9,Severe Restlessness,9
638,1697074234546,2023-10-12T02:30:34.546,25.52,1.208,-0.986,0.147,9,Severe Restlessness,9
639,1697074234586,2023-10-12T02:30:34.586,25.56,1.087,-0.97,0.201,8,Extremely High Restlessness,8
640,1697074234626,2023-10-12T02:30:34.626,25.6,0.699,-0.732,0.222,5,Moderate to High Restlessness,5
641,1697074234666,2023-10-12T02:30:34.666,25.64,0.414,-0.59,0.174,4,Moderate Restlessness,4
642,1697074234706,2023-10-12T02:30:34.706,25.68,0.313,-0.525,0.056,3,Mild Restlessness,3
643,1697074234746,2023-10-12T02:30:34.746,25.72,0.144,-0.523,-0.089,3,Mild Restlessness,3
644,1697074234786,2023-10-12T02:30:34.786,25.76,0.128,-0.566,-0.169,3,Mild Restlessness,3
645,1697074234826,2023-10-12T02:30:34.826,25.8,0.264,-0.648,-0.246,4,Moderate Restlessness,4
646,1697074234866,2023-10-12T02:30:34.866,25.84,0.357,-0.821,-0.429,5,Moderate to High Restlessness,5
647,1697074234906,2023-10-12T02:30:34.906,25.88,0.347,-0.952,-0.672,7,Very High Restlessness,7
648,1697074234946,2023-10-12T02:30:34.946,25.92,0.455,-0.997,-0.873,8,Extremely High Restlessness,8
649,1697074234986,2023-10-12T02:30:34.986,25.96,0.547,-0.884,-0.996,8,Extremely High Restlessness,8
650,1697074235026,2023-10-12T02:30:35.026,26.0,0.528,-0.718,-0.946,7,Very High Restlessness,7
651,1697074235066,2023-10-12T02:30:35.066,26.04,0.587,-0.698,-0.869,7,Very High Restlessness,7
652,1697074235106,2023-10-12T02:30:35.106,26.08,0.61,-0.794,-0.827,7,Very High Restlessness,7
653,1697074235146,2023-10-12T02:30:35.146,26.12,0.551,-0.815,-0.745,7,Very High Restlessness,7
654,1697074235186,2023-10-12T02:30:35.186,26.16,0.569,-0.829,-0.662,6,High Restlessness,6
655,1697074235226,2023-10-12T02:30:35.226,26.2,0.679,-0.917,-0.572,7,Very High Restlessness,7
656,1697074235266,2023-10-12T02:30:35.266,26.24,0.654,-1.045,-0.429,7,Very High Restlessness,7
657,1697074235306,2023-10-12T02:30:35.306,26.28,0.498,-0.974,-0.298,6,High Restlessness,6
658,1697074235346,2023-10-12T02:30:35.346,26.32,0.369,-1.033,-0.024,6,High Restlessness,6
659,1697074235386,2023-10-12T02:30:35.386,26.36,0.419,-1.059,0.141,6,High Restlessness,6
660,1697074235426,2023-10-12T02:30:35.426,26.4,0.448,-0.764,0.241,5,Moderate to High Restlessness,5
661,1697074235466,2023-10-12T02:30:35.466,26.44,0.485,-0.355,0.208,3,Mild Restlessness,3
662,1697074235506,2023-10-12T02:30:35.506,26.48,0.524,0.017,0.188,3,Mild Restlessness,3
663,1697074235546,2023-10-12T02:30:35.546,26.52,0.485,0.19,0.194,3,Mild Restlessness,3
664,1697074235586,2023-10-12T02:30:35.586,26.56,0.493,0.21,0.275,3,Mild Restlessness,3
665,1697074235626,2023-10-12T02:30:35.626,26.6,0.428,0.37,0.349,3,Mild Restlessness,3
666,1697074235666,2023-10-12T02:30:35.666,26.64,0.542,0.722,0.396,5,Moderate to High Restlessness,5
667,1697074235706,2023-10-12T02:30:35.706,26.68,0.707,0.812,0.469,6,High Restlessness,6
668,1697074235746,2023-10-12T02:30:35.746,26.72,0.511,0.881,0.566,6,High Restlessness,6
669,1697074235786,2023-10-12T02:30:35.786,26.76,0.466,0.604,0.804,6,High Restlessness,6
670,1697074235826,2023-10-12T02:30:35.826,26.8,0.6,0.531,0.908,6,High Restlessness,6
671,1697074235866,2023-10-12T02:30:35.866,26.84,0.294,0.533,0.933,6,High Restlessness,6
672,1697074235906,2023-10-12T02:30:35.906,26.88,0.079,0.477,1.116,7,Very High Restlessness,7
673,1697074235946,2023-10-12T02:30:35.946,26.92,0.207,0.374,1.184,7,Very High Restlessness,7
674,1697074235986,2023-10-12T02:30:35.986,26.96,0.182,0.301,1.155,6,High Restlessness,6
675,1697074236026,2023-10-12T02:30:36.026,27.0,0.125,0.287,1.293,7,Very High Restlessness,7
676,1697074236066,2023-10-12T02:30:36.066,27.04,0.168,0.336,1.396,8,Extremely High Restlessness,8
677,1697074236106,2023-10-12T02:30:36.106,27.08,0.275,0.296,1.233,7,Very High Restlessness,7
678,1697074236146,2023-10-12T02:30:36.146,27.12,0.232,0.389,1.182,7,Very High Restlessness,7
679,1697074236186,2023-10-12T02:30:36.186,27.16,0.216,0.424,1.08,6,High Restlessness,6
680,1697074236226,2023-10-12T02:30:36.226,27.2,0.188,0.425,0.958,6,High Restlessness,6
681,1697074236266,2023-10-12T02:30:36.266,27.24,0.133,0.448,0.935,6,High Restlessness,6
682,1697074236306,2023-10-12T02:30:36.306,27.28,0.107,0.443,0.862,5,Moderate to High Restlessness,5
683,1697074236346,2023-10-12T02:30:36.346,27.32,0.118,0.368,0.869,5,Moderate to High Restlessness,5
684,1697074236386,2023-10-12T02:30:36.386,27.36,0.111,0.254,0.9,5,Moderate to High Restlessness,5
685,1697074236426,2023-10-12T02:30:36.426,27.4,0.04,0.222,0.895,5,Moderate to High Restlessness,5
686,1697074236466,2023-10-12T02:30:36.466,27.44,-0.006,0.235,0.908,5,Moderate to High Restlessness,5
687,1697074236506,2023-10-12T02:30:36.506,27.48,-0.101,0.271,0.898,5,Moderate to High Restlessness,5
688,1697074236546,2023-10-12T02:30:36.546,27.52,-0.17,0.309,0.875,5,Moderate to High Restlessness,5
689,1697074236586,2023-10-12T02:30:36.586,27.56,-0.226,0.347,0.904,5,Moderate to High Restlessness,5
690,1697074236626,2023-10-12T02:30:36.626,27.6,-0.134,0.347,0.924,5,Moderate to High Restlessness,5
691,1697074236666,2023-10-12T02:30:36.666,27.64,0.122,0.255,0.968,5,Moderate to High Restlessness,5
692,1697074236706,2023-10-12T02:30:36.706,27.68,0.349,0.275,1.022,6,High Restlessness,6
693,1697074236746,2023-10-12T02:30:36.746,27.72,0.507,0.174,1.092,7,Very High Restlessness,7
694,1697074236786,2023-10-12T02:30:36.786,27.76,0.745,0.12,1.178,8,Extremely High Restlessness,8
695,1697074236826,2023-10-12T02:30:36.826,27.8,0.964,0.114,1.251,9,Severe Restlessness,9
696,1697074236866,2023-10-12T02:30:36.866,27.84,1.078,0.244,1.244,9,Severe Restlessness,9
697,1697074236906,2023-10-12T02:30:36.906,27.88,1.057,0.366,1.188,9,Severe Restlessness,9
698,1697074236946,2023-10-12T02:30:36.946,27.92,0.929,0.363,1.123,8,Extremely High Restlessness,8
699,1697074236986,2023-10-12T02:30:36.986,27.96,0.826,0.374,0.92,7,Very High Restlessness,7
700,1697074237026,2023-10-12T02:30:37.026,28.0,0.686,0.227,0.692,5,Moderate to High Restlessness,5
701,1697074237066,2023-10-12T02:30:37.066,28.04,0.529,0.044,0.532,4,Moderate Restlessness,4
702,1697074237106,2023-10-12T02:30:37.106,28.08,0.394,-0.059,0.425,3,Mild Restlessness,3
703,1697074237146,2023-10-12T02:30:37.146,28.12,0.334,-0.225,0.368,3,Mild Restlessness,3
704,1697074237186,2023-10-12T02:30:37.186,28.16,0.3,-0.401,0.408,3,Mild Restlessness,3
705,1697074237226,2023-10-12T02:30:37.226,28.2,0.247,-0.473,0.466,4,Moderate Restlessness,4
706,1697074237266,2023-10-12T02:30:37.266,28.24,0.396,-0.515,0.501,4,Moderate Restlessness,4
707,1697074237306,2023-10-12T02:30:37.306,28.28,0.413,-0.493,0.543,4,Moderate Restlessness,4
708,1697074237346,2023-10-12T02:30:37.346,28.32,0.487,-0.476,0.579,5,Moderate to High Restlessness,5
709,1697074237386,2023-10-12T02:30:37.386,28.36,0.434,-0.495,0.594,5,Moderate to High Restlessness,5
710,1697074237426,2023-10-12T02:30:37.426,28.4,0.326,-0.46,0.65,4,Moderate Restlessness,4
711,1697074237466,2023-10-12T02:30:37.466,28.44,0.086,-0.406,0.757,4,Moderate Restlessness,4
712,1697074237506,2023-10-12T02:30:37.506,28.48,0.042,-0.4,0.802,5,Moderate to High Restlessness,5
713,1697074237546,2023-10-12T02:30:37.546,28.52,0.148,-0.3,0.85,5,Moderate to High Restlessness,5
714,1697074237586,2023-10-12T02:30:37.586,28.56,0.319,-0.162,0.827,5,Moderate to High Restlessness,5
715,1697074237626,2023-10-12T02:30:37.626,28.6,0.646,-0.275,0.768,6,High Restlessness,6
716,1697074237666,2023-10-12T02:30:37.666,28.64,0.674,-0.173,0.761,5,Moderate to High Restlessness,5
717,1697074237706,2023-10-12T02:30:37.706,28.68,0.774,-0.253,0.729,6,High Restlessness,6
718,1697074237746,2023-10-12T02:30:37.746,28.72,0.773,-0.318,0.647,6,High Restlessness,6
719,1697074237786,2023-10-12T02:30:37.786,28.76,0.674,-0.289,0.599,5,Moderate to High Restlessness,5
720,1697074237826,2023-10-12T02:30:37.826,28.8,0.891,-0.297,0.525,6,High Restlessness,6
721,1697074237866,2023-10-12T02:30:37.866,28.84,0.88,-0.492,0.441,6,High Restlessness,6
722,1697074237906,2023-10-12T02:30:37.906,28.88,0.794,-0.623,0.392,6,High Restlessness,6
723,1697074237946,2023-10-12T02:30:37.946,28.92,0.703,-0.782,0.341,6,High Restlessness,6
724,1697074237986,2023-10-12T02:30:37.986,28.96,0.287,-0.873,0.262,5,Moderate to High Restlessness,5
725,1697074238026,2023-10-12T02:30:38.026,29.0,0.237,-1.103,0.232,6,High Restlessness,6
726,1697074238066,2023-10-12T02:30:38.066,29.04,0.137,-0.952,0.224,5,Moderate to High Restlessness,5
727,1697074238106,2023-10-12T02:30:38.106,29.08,-0.146,-0.799,0.137,4,Moderate Restlessness,4
728,1697074238146,2023-10-12T02:30:38.146,29.12,-0.311,-0.859,-0.067,5,Moderate to High Restlessness,5
729,1697074238186,2023-10-12T02:30:38.186,29.16,-0.119,-1.074,-0.234,6,High Restlessness,6
730,1697074238226,2023-10-12T02:30:38.226,29.2,-0.05,-1.228,-0.296,7,Very High Restlessness,7
731,1697074238266,2023-10-12T02:30:38.266,29.24,-0.194,-1.212,-0.309,7,Very High Restlessness,7
732,1697074238306,2023-10-12T02:30:38.306,29.28,-0.176,-1.048,-0.405,6,High Restlessness,6
733,1697074238346,2023-10-12T02:30:38.346,29.32,-0.281,-0.799,-0.55,5,Moderate to High Restlessness,5
734,1697074238386,2023-10-12T02:30:38.386,29.36,-0.339,-0.732,-0.546,5,Moderate to High Restlessness,5
735,1697074238426,2023-10-12T02:30:38.426,29.4,-0.393,-0.903,-0.57,6,High Restlessness,6
736,1697074238466,2023-10-12T02:30:38.466,29.44,-0.483,-1.064,-0.654,7,Very High Restlessness,7
737,1697074238506,2023-10-12T02:30:38.506,29.48,-0.523,-1.125,-0.66,8,Extremely High Restlessness,8
738,1697074238546,2023-10-12T02:30:38.546,29.52,-0.526,-1.024,-0.566,7,Very High Restlessness,7
739,1697074238586,2023-10-12T02:30:38.586,29.56,-0.518,-0.865,-0.459,6,High Restlessness,6
740,1697074238626,2023-10-12T02:30:38.626,29.6,-0.573,-0.734,-0.333,5,Moderate to High Restlessness,5
741,1697074238666,2023-10-12T02:30:38.666,29.64,-0.571,-0.78,-0.314,5,Moderate to High Restlessness,5
742,1697074238706,2023-10-12T02:30:38.706,29.68,-0.56,-0.831,-0.329,6,High Restlessness,6
743,1697074238746,2023-10-12T02:30:38.746,29.72,-0.549,-0.806,-0.325,5,Moderate to High Restlessness,5
744,1697074238786,2023-10-12T02:30:38.786,29.76,-0.553,-0.803,-0.33,5,Moderate to High Restlessness,5
745,1697074238826,2023-10-12T02:30:38.826,29.8,-0.559,-0.836,-0.326,6,High Restlessness,6
746,1697074238866,2023-10-12T02:30:38.866,29.84,-0.544,-0.83,-0.321,6,High Restlessness,6
747,1697074238906,2023-10-12T02:30:38.906,29.88,-0.531,-0.814,-0.349,5,Moderate to High Restlessness,5
748,1697074238946,2023-10-12T02:30:38.946,29.92,-0.529,-0.813,-0.375,6,High Restlessness,6
749,1697074238986,2023-10-12T02:30:38.986,29.96,-0.521,-0.817,-0.381,6,High Restlessness,6
750,1697074239026,2023-10-12T02:30:39.026,30.0,-0.494,-0.826,-0.373,5,Moderate to High Restlessness,5
751,1697074239066,2023-10-12T02:30:39.066,30.04,-0.516,-0.831,-0.351,6,High Restlessness,6
752,1697074239106,2023-10-12T02:30:39.106,30.08,-0.526,-0.817,-0.31,5,Moderate to High Restlessness,5
753,1697074239146,2023-10-12T02:30:39.146,30.12,-0.52,-0.817,-0.293,5,Moderate to High Restlessness,5
754,1697074239186,2023-10-12T02:30:39.186,30.16,-0.512,-0.817,-0.291,5,Moderate to High Restlessness,5
755,1697074239226,2023-10-12T02:30:39.226,30.2,-0.52,-0.798,-0.277,5,Moderate to High Restlessness,5
756,1697074239266,2023-10-12T02:30:39.266,30.24,-0.545,-0.806,-0.281,5,Moderate to High Restlessness,5
757,1697074239306,2023-10-12T02:30:39.306,30.28,-0.557,-0.821,-0.287,5,Moderate to High Restlessness,5
758,1697074239346,2023-10-12T02:30:39.346,30.32,-0.558,-0.815,-0.302,5,Moderate to High Restlessness,5
759,1697074239386,2023-10-12T02:30:39.386,30.36,-0.574,-0.811,-0.315,6,High Restlessness,6
760,1697074239426,2023-10-12T02:30:39.426,30.4,-0.573,-0.804,-0.316,5,Moderate to High Restlessness,5
761,1697074239466,2023-10-12T02:30:39.466,30.44,-0.572,-0.802,-0.312,5,Moderate to High Restlessness,5
762,1697074239506,2023-10-12T02:30:39.506,30.48,-0.586,-0.797,-0.313,5,Moderate to High Restlessness,5
763,1697074239546,2023-10-12T02:30:39.546,30.52,-0.586,-0.792,-0.3,5,Moderate to High Restlessness,5
764,1697074239586,2023-10-12T02:30:39.586,30.56,-0.58,-0.802,-0.287,5,Moderate to High Restlessness,5
765,1697074239626,2023-10-12T02:30:39.626,30.6,-0.595,-0.809,-0.267,5,Moderate to High Restlessness,5
766,1697074239666,2023-10-12T02:30:39.666,30.64,-0.578,-0.811,-0.253,5,Moderate to High Restlessness,5
767,1697074239706,2023-10-12T02:30:39.706,30.68,-0.574,-0.807,-0.244,5,Moderate to High Restlessness,5
768,1697074239746,2023-10-12T02:30:39.746,30.72,-0.575,-0.801,-0.237,5,Moderate to High Restlessness,5
769,1697074239786,2023-10-12T02:30:39.786,30.76,-0.571,-0.794,-0.232,5,Moderate to High Restlessness,5
770,1697074239826,2023-10-12T02:30:39.826,30.8,-0.591,-0.801,-0.236,5,Moderate to High Restlessness,5
771,1697074239866,2023-10-12T02:30:39.866,30.84,-0.595,-0.795,-0.249,5,Moderate to High Restlessness,5
772,1697074239906,2023-10-12T02:30:39.906,30.88,-0.584,-0.788,-0.261,5,Moderate to High Restlessness,5
773,1697074239946,2023-10-12T02:30:39.946,30.92,-0.59,-0.808,-0.285,6,High Restlessness,6
774,1697074239986,2023-10-12T02:30:39.986,30.96,-0.61,-0.814,-0.293,6,High Restlessness,6
775,1697074240026,2023-10-12T02:30:40.026,31.0,-0.586,-0.804,-0.289,5,Moderate to High Restlessness,5
776,1697074240066,2023-10-12T02:30:40.066,31.04,-0.584,-0.807,-0.281,5,Moderate to High Restlessness,5
777,1697074240106,2023-10-12T02:30:40.106,31.08,-0.603,-0.8,-0.27,5,Moderate to High Restlessness,5
778,1697074240146,2023-10-12T02:30:40.146,31.12,-0.6,-0.795,-0.239,5,Moderate to High Restlessness,5
779,1697074240186,2023-10-12T02:30:40.186,31.16,-0.603,-0.796,-0.227,5,Moderate to High Restlessness,5
780,1697074240226,2023-10-12T02:30:40.226,31.2,-0.589,-0.797,-0.224,5,Moderate to High Restlessness,5
781,1697074240266,2023-10-12T02:30:40.266,31.24,-0.585,-0.803,-0.234,5,Moderate to High Restlessness,5
782,1697074240306,2023-10-12T02:30:40.306,31.28,-0.579,-0.799,-0.245,5,Moderate to High Restlessness,5
783,1697074240346,2023-10-12T02:30:40.346,31.32,-0.591,-0.808,-0.254,5,Moderate to High Restlessness,5
784,1697074240386,2023-10-12T02:30:40.386,31.36,-0.581,-0.805,-0.252,5,Moderate to High Restlessness,5
785,1697074240426,2023-10-12T02:30:40.426,31.4,-0.598,-0.807,-0.252,5,Moderate to High Restlessness,5
786,1697074240466,2023-10-12T02:30:40.466,31.44,-0.601,-0.799,-0.249,5,Moderate to High Restlessness,5
787,1697074240506,2023-10-12T02:30:40.506,31.48,-0.604,-0.796,-0.239,5,Moderate to High Restlessness,5
788,1697074240546,2023-10-12T02:30:40.546,31.52,-0.617,-0.809,-0.238,6,High Restlessness,6
789,1697074240586,2023-10-12T02:30:40.586,31.56,-0.605,-0.801,-0.222,5,Moderate to High Restlessness,5
790,1697074240626,2023-10-12T02:30:40.626,31.6,-0.62,-0.808,-0.216,6,High Restlessness,6
791,1697074240666,2023-10-12T02:30:40.666,31.64,-0.6,-0.797,-0.208,5,Moderate to High Restlessness,5
792,1697074240706,2023-10-12T02:30:40.706,31.68,-0.592,-0.796,-0.211,5,Moderate to High Restlessness,5
793,1697074240746,2023-10-12T02:30:40.746,31.72,-0.602,-0.813,-0.216,5,Moderate to High Restlessness,5
794,1697074240786,2023-10-12T02:30:40.786,31.76,-0.595,-0.807,-0.218,5,Moderate to High Restlessness,5
795,1697074240826,2023-10-12T02:30:40.826,31.8,-0.596,-0.803,-0.222,5,Moderate to High Restlessness,5
796,1697074240866,2023-10-12T02:30:40.866,31.84,-0.594,-0.805,-0.219,5,Moderate to High Restlessness,5
797,1697074240906,2023-10-12T02:30:40.906,31.88,-0.595,-0.796,-0.219,5,Moderate to High Restlessness,5
798,1697074240946,2023-10-12T02:30:40.946,31.92,-0.612,-0.805,-0.209,5,Moderate to High Restlessness,5
799,1697074240986,2023-10-12T02:30:40.986,31.96,-0.608,-0.809,-0.206,5,Moderate to High Restlessness,5
800,1697074241026,2023-10-12T02:30:41.026,32.0,-0.61,-0.804,-0.201,5,Moderate to High Restlessness,5
801,1697074241066,2023-10-12T02:30:41.066,32.04,-0.602,-0.804,-0.197,5,Moderate to High Restlessness,5
802,1697074241106,2023-10-12T02:30:41.106,32.08,-0.608,-0.801,-0.197,5,Moderate to High Restlessness,5
803,1697074241146,2023-10-12T02:30:41.146,32.12,-0.606,-0.804,-0.198,5,Moderate to High Restlessness,5
804,1697074241186,2023-10-12T02:30:41.186,32.16,-0.606,-0.802,-0.202,5,Moderate to High Restlessness,5
805,1697074241226,2023-10-12T02:30:41.226,32.2,-0.607,-0.803,-0.207,5,Moderate to High Restlessness,5
